Date,Close,Open,High,Low,Vol.,Change %
30-04-2025,3470.9,3472,3507.9,3452.3,791.14K,-0.0005
29-04-2025,3472.5,3455,3495,3430.4,1.58M,0.0084
28-04-2025,3443.5,3435,3457.8,3405,1.59M,-0.0013
25-04-2025,3448,3420,3477.8,3405,2.74M,0.0136
24-04-2025,3401.6,3401.1,3412.5,3387.7,2.25M,-0.0033
23-04-2025,3413,3365,3420.9,3337.3,3.54M,0.0297
22-04-2025,3314.4,3322.6,3333.9,3295,2.71M,-0.0022
21-04-2025,3321.6,3290.1,3354,3284.1,2.43M,0.0069
17-04-2025,3298.9,3245.5,3303.6,3218,2.93M,0.0077
16-04-2025,3273.8,3248.2,3278.1,3229,2.38M,0.0079
15-04-2025,3248.2,3314.4,3314.4,3238.6,3.51M,0.0052
11/4/2025,3231.5,3289.55,3298.95,3206,7.11M,-0.0047
9/4/2025,3246.6,3260.55,3270,3212.05,2.99M,-0.0141
8/4/2025,3292.95,3302.05,3349,3255.3,5.56M,0.0058
7/4/2025,3274.05,3100,3291.4,3056.05,6.62M,-0.0077
4/4/2025,3299.4,3362.6,3399.65,3295.5,5.32M,-0.0305
3/4/2025,3403.15,3491,3502,3396.15,4.54M,-0.0397
2/4/2025,3543.95,3544,3564.1,3530.05,1.76M,-0.0019
1/4/2025,3550.8,3572.7,3584,3525,2.62M,-0.0153
28-03-2025,3606.15,3651,3660.95,3591.9,2.05M,-0.0123
27-03-2025,3651.2,3614.85,3663,3610.5,2.53M,0.0042
26-03-2025,3635.8,3647.75,3680.5,3625.85,1.73M,-0.006
25-03-2025,3657.75,3645,3710,3638,3.14M,0.0079
24-03-2025,3628.95,3600,3649.75,3566.6,1.83M,0.0142
21-03-2025,3578.1,3475,3616.25,3465,4.16M,0.0042
20-03-2025,3563.15,3512,3578.95,3512,2.85M,0.0189
19-03-2025,3497.1,3547,3547,3462.75,3.05M,-0.0156
18-03-2025,3552.45,3502.35,3556.95,3478.45,3.07M,0.0157
17-03-2025,3497.7,3489,3530.45,3477.35,2.69M,-0.0038
13-03-2025,3511.05,3502.3,3524.3,3484.1,1.69M,0.0014
12/3/2025,3506.2,3565,3569.25,3486.85,3.17M,-0.0193
11/3/2025,3575.3,3558,3588.75,3537.65,2.00M,-0.004
10/3/2025,3589.65,3606.5,3622.1,3582.6,1.00M,-0.006
7/3/2025,3611.2,3600,3625,3574.4,2.05M,0.0027
6/3/2025,3601.6,3557,3609.45,3536.1,2.79M,0.0154
5/3/2025,3547.05,3520.85,3600.35,3520.85,2.50M,0.0042
4/3/2025,3532.05,3474,3551,3464.3,2.80M,0.0112
3/3/2025,3493.05,3485,3523.25,3476.15,4.99M,0.0028
28-02-2025,3483.25,3584.95,3600,3457,7.09M,-0.0358
27-02-2025,3612.55,3611.7,3638,3600.7,3.82M,-0.0047
25-02-2025,3629.55,3625,3658,3621.25,4.10M,-0.0125
24-02-2025,3675.6,3743.15,3763.2,3670,2.51M,-0.0292
21-02-2025,3786,3776.1,3817,3775,1.83M,0.0017
20-02-2025,3779.4,3761.5,3788,3751.3,2.89M,-0.0012
19-02-2025,3784.1,3872.2,3874.95,3768.15,4.37M,-0.023
18-02-2025,3873.2,3898.4,3924.4,3864.5,2.15M,-0.008
17-02-2025,3904.5,3856.5,3934,3856.2,1.80M,-0.0077
14-02-2025,3934.85,3925,3948,3900,1.68M,0.0063
13-02-2025,3910.15,3968,3984.45,3902.25,2.28M,-0.0101
12/2/2025,3950.15,3971.1,4021.75,3940.15,1.68M,-0.0034
11/2/2025,3963.55,4018.4,4040,3955,1.81M,-0.0182
10/2/2025,4036.95,4040,4052,4014.35,1.34M,0.0019
7/2/2025,4029.4,4090,4090,4008,1.55M,-0.0131
6/2/2025,4082.75,4105.4,4139.5,4051.55,2.28M,-0.002
5/2/2025,4091.1,4150,4150,4076,1.69M,-0.0039
4/2/2025,4107.05,4083.7,4118.85,4066.05,2.55M,0.0094
3/2/2025,4068.65,4030.9,4077,3998.7,1.27M,-0.0011
1/2/2025,4073.15,4113,4135.9,4056,437.17K,-0.0095
31-01-2025,4112.4,4110,4128.45,4085.25,1.49M,0.003
30-01-2025,4100.05,4099.9,4129.9,4058.5,1.53M,0.0001
29-01-2025,4099.8,4054,4107.85,4054,1.22M,0.0147
28-01-2025,4040.3,4070.8,4102,4028.3,2.47M,-0.0061
27-01-2025,4065.15,4102,4156.35,4041.05,1.55M,-0.021
24-01-2025,4152.35,4104,4178,4104,1.91M,0.0017
23-01-2025,4145.45,4168,4191.35,4140.05,1.82M,-0.0027
22-01-2025,4156.6,4050,4163.15,4044.2,2.41M,0.0299
21-01-2025,4035.85,4095.3,4111,4030,1.97M,-0.0103
20-01-2025,4077.8,4145.8,4145.8,4068.1,1.29M,-0.0113
17-01-2025,4124.3,4159.9,4160.6,4100.05,1.76M,-0.0039
16-01-2025,4140.3,4193.16,4226.62,4126.08,2.64M,-0.0102
15-01-2025,4182.92,4151.82,4189.66,4141.43,1.65M,0.0039
14-01-2025,4166.63,4234.5,4246.21,4152.85,3.44M,-0.0135
13-01-2025,4223.77,4178.39,4255.12,4161.07,4.00M,0.006
10/1/2025,4198.72,4134.1,4229.58,4104.57,7.89M,0.0396
9/1/2025,4038.85,4101,4137.75,4025.3,2.39M,-0.0169
8/1/2025,4108.4,4034.9,4126,4017.75,2.18M,0.0199
7/1/2025,4028.3,4114.95,4140.35,4011.55,2.67M,-0.0163
6/1/2025,4095,4105.5,4149.65,4066.4,2.09M,-0.0012
3/1/2025,4099.9,4179.95,4179.95,4092.3,1.79M,-0.0182
2/1/2025,4175.75,4120,4183,4096.95,1.72M,0.0154
1/1/2025,4112.45,4094.4,4134,4085.45,763.16K,0.0043
31-12-2024,4094.8,4135,4139.95,4032.05,1.56M,-0.0154
30-12-2024,4158.8,4151,4199.3,4112,1.53M,-0.0015
27-12-2024,4164.85,4163,4180.95,4147.25,858.10K,-0.001
26-12-2024,4169.1,4179.5,4199.95,4143.15,1.21M,-0.0025
24-12-2024,4179.5,4158.3,4218,4158.3,1.18M,0.0051
23-12-2024,4158.3,4200.05,4217,4114.9,2.20M,-0.0029
20-12-2024,4170.3,4329,4382,4152.5,4.12M,-0.0238
19-12-2024,4271.9,4282,4364,4262,3.02M,-0.0175
18-12-2024,4347.85,4311.7,4362,4289.6,1.58M,0.0045
17-12-2024,4328.5,4410,4432.95,4318,3.23M,-0.0196
16-12-2024,4415.2,4459,4475,4397,1.65M,-0.0131
13-12-2024,4473.9,4434.95,4494.9,4394.4,1.97M,0.0043
12/12/2024,4454.95,4430.05,4485,4426,1.91M,0.0062
11/12/2024,4427.45,4431.85,4448.65,4407,1.64M,-0.0012
10/12/2024,4432.55,4426.15,4493.8,4412.1,2.09M,-0.0044
9/12/2024,4452.15,4430.45,4469.4,4415.55,2.07M,0.0015
6/12/2024,4445.5,4453,4465,4412.75,1.84M,-0.0042
5/12/2024,4464.05,4400.8,4489,4360,3.75M,0.0252
4/12/2024,4354.4,4313.55,4386.95,4289.05,3.30M,0.012
3/12/2024,4302.75,4314.35,4325,4265.45,2.01M,0.0061
2/12/2024,4276.65,4270,4288.2,4230.05,1.67M,0.0014
29-11-2024,4270.85,4220,4298.7,4195.65,2.02M,0.0061
28-11-2024,4244.9,4319,4339.95,4233,2.56M,-0.0202
27-11-2024,4332.55,4358.95,4377.4,4324.05,1.56M,-0.0046
26-11-2024,4352.7,4321.05,4366.6,4310,2.06M,0.0087
25-11-2024,4315.1,4280,4328.1,4252.2,4.05M,0.0166
22-11-2024,4244.6,4071,4254.95,4054,3.10M,0.0422
21-11-2024,4072.85,4044.9,4092.45,4024,2.38M,0.0082
19-11-2024,4039.55,4019.9,4132.15,4014.1,1.78M,0.005
18-11-2024,4019.5,4213,4213,3990.2,3.31M,-0.0305
14-11-2024,4145.9,4135,4160,4116.45,1.83M,-0.0011
13-11-2024,4150.35,4178.1,4196.75,4131.05,1.10M,-0.0112
12/11/2024,4197.4,4216,4218,4164.35,1.59M,-0.0003
11/11/2024,4198.7,4128.2,4234.3,4117.65,1.41M,0.0125
8/11/2024,4147,4155,4169.75,4117.65,1.65M,-0.0009
7/11/2024,4150.9,4169.7,4205.8,4085.05,3.72M,0.0027
6/11/2024,4139.65,4003.6,4149.8,3975.25,3.79M,0.0424
5/11/2024,3971.35,3941.1,3986,3941.1,967.59K,0.0018
4/11/2024,3964.15,3966.3,3991.9,3913.25,2.27M,-0.005
1/11/2024,3984.2,3989.85,3998.95,3976.05,154.90K,0.004
31-10-2024,3968.45,4070,4078.3,3960,3.74M,-0.0284
30-10-2024,4084.65,4075,4107,4060.05,1.94M,0.0023
29-10-2024,4075.25,4095.85,4103.5,4060.1,1.45M,-0.0038
28-10-2024,4090.85,4068.95,4134,4051,1.53M,0.0082
25-10-2024,4057.55,4057.05,4092,4032.7,1.76M,0.0024
24-10-2024,4047.9,4004,4079,4004,2.68M,-0.0045
23-10-2024,4066.25,3999.6,4113.55,3995.15,1.97M,0.0126
22-10-2024,4015.5,4066,4089.8,4006.35,1.93M,-0.0158
21-10-2024,4079.85,4132.6,4139.95,4070,1.60M,-0.0105
18-10-2024,4123.05,4090,4146.15,4080,2.36M,0.0034
17-10-2024,4109,4112.8,4129.95,4092.95,2.52M,0.0034
16-10-2024,4094.95,4085,4115,4067.2,2.36M,-0.0053
15-10-2024,4116.8,4131.05,4169.95,4095,2.76M,-0.0048
14-10-2024,4136.65,4140,4165.4,4122.2,2.14M,-0.003
11/10/2024,4149.2,4143,4241.95,4112.45,5.76M,-0.0185
10/10/2024,4227.4,4253.25,4293.85,4198.6,2.38M,-0.006
9/10/2024,4252.95,4260,4295,4246.7,1.08M,-0.0001
8/10/2024,4253.25,4272.6,4279.4,4203.95,1.54M,-0.0046
7/10/2024,4272.85,4273.9,4297.25,4229.4,1.47M,0.0048
4/10/2024,4252.25,4225,4298,4224.05,2.97M,0.0046
3/10/2024,4232.75,4262.6,4279,4210,3.35M,-0.0129
1/10/2024,4287.9,4255.55,4295.75,4242.95,1.82M,0.0045
30-09-2024,4268.5,4286.9,4298.75,4260.05,2.50M,-0.0093
27-09-2024,4308.7,4335,4378,4300.05,3.01M,0.0038
26-09-2024,4292.5,4260,4316.8,4260,3.96M,0.0042
25-09-2024,4274.75,4252.35,4289.6,4240,2.71M,0.0008
24-09-2024,4271.3,4251.65,4291,4240,3.01M,0.0007
23-09-2024,4268.5,4300,4309.4,4253,1.70M,-0.0038
20-09-2024,4284.9,4316.9,4330.7,4227.5,5.45M,-0.0026
19-09-2024,4296.15,4390.05,4422.2,4281.8,2.93M,-0.0115
18-09-2024,4346.15,4497.05,4497.05,4321,2.96M,-0.0354
17-09-2024,4505.65,4513.25,4535.8,4466,1.70M,-0.0017
16-09-2024,4513.25,4527,4546.05,4494.45,1.16M,-0.0021
13-09-2024,4522.6,4530,4547,4505,1.46M,0.0011
12/9/2024,4517.7,4510.25,4532.6,4431.3,2.74M,0.0086
11/9/2024,4479.35,4521.45,4549.35,4471.25,1.33M,-0.0063
10/9/2024,4507.85,4442.45,4539.95,4440.45,1.39M,0.0131
9/9/2024,4449.55,4455,4490.25,4430.5,1.18M,-0.0016
6/9/2024,4456.75,4473.95,4518.95,4440,1.65M,-0.0043
5/9/2024,4475.95,4481,4499,4454.15,1.69M,-0.0007
4/9/2024,4479.25,4476.95,4487,4436.7,1.27M,-0.0073
3/9/2024,4512.35,4521.05,4555.9,4495.9,1.72M,-0.0019
2/9/2024,4521.05,4576,4588,4512,1.22M,-0.0072
30-08-2024,4553.75,4500,4592.25,4487.8,3.64M,0.0093
29-08-2024,4511.8,4460,4556,4460,2.13M,0.0013
28-08-2024,4506.05,4498.75,4562.5,4457.3,1.85M,0.002
27-08-2024,4497.15,4505,4510,4486.8,930.70K,-0.0012
26-08-2024,4502.45,4489,4552.15,4485,1.84M,0.0086
23-08-2024,4463.9,4500,4506,4455,1.81M,-0.0085
22-08-2024,4502,4560,4560.95,4497.2,1.83M,-0.0109
21-08-2024,4551.5,4518,4560,4492.55,1.90M,0.0062
20-08-2024,4523.3,4505,4565,4500,2.21M,0.0074
19-08-2024,4490,4421,4494.25,4390.35,2.06M,0.0167
16-08-2024,4416.05,4350,4427,4325.1,3.46M,0.0281
14-08-2024,4295.25,4209,4306.2,4188.15,3.23M,0.0234
13-08-2024,4196.95,4213,4234,4183,1.50M,0.0003
12/8/2024,4195.65,4230,4239,4186.35,936.91K,-0.0078
9/8/2024,4228.75,4217,4253.65,4205.55,1.30M,0.0135
8/8/2024,4172.55,4181,4232,4160,2.44M,-0.0066
7/8/2024,4200.45,4228,4244.95,4180.3,1.24M,0.007
6/8/2024,4171.2,4170.95,4258.25,4160.8,2.20M,0.0039
5/8/2024,4155.05,4239,4239,4110.5,2.79M,-0.0299
2/8/2024,4283.05,4365,4398,4270,2.81M,-0.0259
1/8/2024,4397.1,4399.4,4419.3,4365.05,2.20M,0.0027
31-07-2024,4385.35,4350,4414,4345,2.33M,0.0046
30-07-2024,4365.35,4391.1,4398,4327.3,1.80M,-0.0036
29-07-2024,4381.1,4415,4431,4371,1.75M,-0.0015
26-07-2024,4387.85,4350,4422.45,4337.05,3.55M,0.0151
25-07-2024,4322.5,4295,4343,4274.2,2.81M,0.0038
24-07-2024,4306.25,4287.5,4339.1,4268.1,1.81M,0.0009
23-07-2024,4302.35,4283,4361.7,4266.3,2.37M,0.0035
22-07-2024,4287.35,4299.95,4319.95,4265,1.90M,-0.0035
19-07-2024,4302.4,4317.4,4358.75,4285.25,3.90M,-0.003
18-07-2024,4315.55,4160,4325,4160,5.61M,0.0328
16-07-2024,4178.45,4172,4194.55,4144.9,2.03M,0.0022
15-07-2024,4169.2,4235.7,4240,4157.05,4.85M,-0.0035
12/7/2024,4183.95,3980,4199.95,3971.3,13.51M,0.0663
11/7/2024,3923.7,3931,3980,3895.6,4.87M,0.0037
10/7/2024,3909.15,3983.7,4003.3,3902,2.67M,-0.0192
9/7/2024,3985.5,3985,4006.95,3975.1,1.31M,-0.0019
8/7/2024,3993.2,4022,4031.25,3978.05,1.76M,-0.0046
5/7/2024,4011.8,4010,4026.75,3988,1.67M,-0.0023
4/7/2024,4020.95,3999.85,4047.35,3982.1,2.52M,0.014
3/7/2024,3965.25,4020,4026.1,3955,1.82M,-0.013
2/7/2024,4017.4,3993.6,4023.4,3982.55,2.31M,0.0099
1/7/2024,3978.2,3884,4001.7,3884,2.66M,0.019
28-06-2024,3904.15,3917.8,3960,3897.85,2.73M,-0.0076
27-06-2024,3934.15,3831,3942,3818.1,4.53M,0.0203
26-06-2024,3855.85,3844.5,3866.95,3841,1.64M,0.0045
25-06-2024,3838.45,3817,3847.65,3792.9,1.34M,0.0057
24-06-2024,3816.8,3808.75,3857,3791.3,1.70M,0.0016
21-06-2024,3810.75,3827,3877.8,3798.05,4.64M,0.0062
20-06-2024,3787.25,3796,3809.95,3780.05,2.85M,-0.0038
19-06-2024,3801.7,3827.65,3833.85,3792.95,1.51M,-0.0035
18-06-2024,3815.1,3826.05,3842,3795.05,1.77M,-0.0044
14-06-2024,3832.05,3889,3889,3828,1.86M,-0.0119
13-06-2024,3878.15,3856.8,3890,3852,1.93M,0.0121
12/6/2024,3831.65,3874.4,3893.5,3827.45,2.18M,-0.0053
11/6/2024,3852.1,3845,3879.95,3841,1.42M,-0.0017
10/6/2024,3858.7,3895,3905.9,3841.9,1.73M,-0.0091
7/6/2024,3893.95,3837.3,3915,3837.3,4.55M,0.0166
6/6/2024,3830.4,3781,3839.9,3741.5,4.33M,0.0224
5/6/2024,3746.45,3716,3783.8,3700,2.80M,0.0085
4/6/2024,3715,3700,3745,3591.5,3.40M,0.0033
3/6/2024,3702.85,3732.8,3751.55,3696,2.16M,0.0087
31-05-2024,3670.95,3740,3749.8,3653.75,10.96M,-0.0174
30-05-2024,3736.1,3777,3794.4,3715.45,2.92M,-0.0178
29-05-2024,3803.65,3848.9,3848.9,3800,1.57M,-0.0094
28-05-2024,3839.9,3858,3870,3830,1.80M,-0.0019
27-05-2024,3847.05,3855,3908.35,3841.35,1.84M,-0.0006
24-05-2024,3849.5,3878.25,3883.8,3844.3,1.31M,-0.0113
23-05-2024,3893.45,3840.95,3905,3825.5,2.10M,0.016
22-05-2024,3832,3835,3841.25,3817.55,1.31M,0.0031
21-05-2024,3820.2,3830.6,3844.75,3810.05,1.91M,-0.0081
18-05-2024,3851.45,3847,3861.9,3840,91.07K,0.0045
17-05-2024,3834.1,3919,3920,3830,2.77M,-0.0171
16-05-2024,3900.95,3891.1,3909.5,3843.5,2.60M,0.0053
15-05-2024,3880.4,3904.5,3926.95,3875.5,1.12M,-0.0053
14-05-2024,3901.2,3936,3945.8,3892.9,1.06M,-0.0118
13-05-2024,3947.8,3884.5,3955,3870,931.33K,0.0138
10/5/2024,3893.9,3962.6,3973.6,3885.05,1.67M,-0.0167
9/5/2024,3960.2,3962,3971,3910.05,1.73M,-0.0042
8/5/2024,3976.95,3961,3984.3,3938.6,1.25M,-0.0005
7/5/2024,3978.95,3930.8,3988,3913.5,2.06M,0.0148
6/5/2024,3921.05,3853,3939.95,3853,2.05M,0.0202
3/5/2024,3843.4,3890.15,3893.6,3797.6,2.96M,-0.0052
2/5/2024,3863.3,3778.05,3871.1,3778.05,2.49M,0.0112
30-04-2024,3820.65,3872,3881.75,3810,2.20M,-0.0128
